id;tracking_code;date;details
1;Argentine Peso implementation;2019-12-31T17:16:07;Specialist generating
2;Computers Small Fresh Gloves back-end;2019-12-31T17:56:24;South Georgia and the South Sandwich Islands
3;composite Orchestrator Club;2019-12-31T00:46:52;sky blue
4;Peru deposit;2019-12-31T03:33:49;Strategist
5;card Licensed Cotton Ball;2019-12-31T10:35:07;bypass Ameliorated
6;Brand;2019-12-31T00:55:34;Saudi Riyal paradigms
7;Corporate;2019-12-31T10:22:24;Optimized
8;microchip;2019-12-31T05:08:42;motivating Operations alarm
9;e-markets system;2019-12-31T19:50:40;Louisiana
10;hack;2019-12-31T20:38:39;Wooden Ergonomic Steel Gloves
